cohort,metric,method,sigma,mean,seed_sd
ext,f1,heavy,0.0,0.9909208035567433,0.0002996107237877925
ext,f1,heavy,0.1,0.9811790601420899,0.0008850045192477795
ext,f1,heavy,0.2,0.9200582418629522,0.0035810251649987033
ext,f1,joint,0.0,0.9982791438344729,0.0003010364610276523
ext,f1,joint,0.1,0.9979232842987065,0.00016820055935978326
ext,f1,joint,0.2,0.9745076019195628,0.0037235386980565485
ext,f1,openbabel,0.0,0.9830199565038875,
ext,f1,openbabel,0.1,0.8537519175925238,
ext,f1,openbabel,0.2,0.43920910126399754,
ext,f1,rdkit,0.0,0.9564826432029663,
ext,f1,rdkit,0.1,0.9235970510108207,
ext,f1,rdkit,0.2,0.23053087374986264,
ext,f1,rdkit_hueckel,0.0,0.9565044516077906,
ext,f1,rdkit_hueckel,0.1,0.9559834820966681,
ext,f1,rdkit_hueckel,0.2,0.7300210185017493,
ext,f1,staged,0.0,0.9972511939828306,0.00019020001082368121
ext,f1,staged,0.1,0.9962748286204304,0.00043198063822260995
ext,f1,staged,0.2,0.885332673658431,0.023610677894721505
ext,hh,heavy,0.0,0.9331333333333334,0.0013650396819628618
ext,hh,heavy,0.1,0.8305666666666667,0.006143560314128393
ext,hh,heavy,0.2,0.4036,0.013563185466548793
ext,hh,joint,0.0,0.9843,0.001228820572744442
ext,hh,joint,0.1,0.9793666666666667,0.0014640127503998581
ext,hh,joint,0.2,0.6459666666666667,0.019308633647499057
ext,hh,openbabel,0.0,0.8902,
ext,hh,openbabel,0.1,0.4121,
ext,hh,openbabel,0.2,0.0095,
ext,hh,rdkit,0.0,0.8532,
ext,hh,rdkit,0.1,0.7689,
ext,hh,rdkit,0.2,0.0364,
ext,hh,rdkit_hueckel,0.0,0.8533,
ext,hh,rdkit_hueckel,0.1,0.8524,
ext,hh,rdkit_hueckel,0.2,0.4673,
ext,hh,staged,0.0,0.9665,0.0036592348927063844
ext,hh,staged,0.1,0.9517,0.002946183972531243
ext,hh,staged,0.2,0.3972333333333333,0.050301722965852086
geom,f1,heavy,0.0,0.9993506978609212,7.201321487187141e-05
geom,f1,heavy,0.1,0.991998036053866,0.0005475154564841116
geom,f1,heavy,0.2,0.9367668005505175,0.0018689774155315037
geom,f1,joint,0.0,0.999876990845652,1.65911928865726e-05
geom,f1,joint,0.1,0.9997540602640724,2.9748573276959077e-05
geom,f1,joint,0.2,0.9780059717121669,0.0041137056368938125
geom,f1,openbabel,0.0,0.9853321118082777,
geom,f1,openbabel,0.1,0.8580368899153084,
geom,f1,openbabel,0.2,0.45071971793589427,
geom,f1,rdkit,0.0,0.9883530929039593,
geom,f1,rdkit,0.1,0.948296304297626,
geom,f1,rdkit,0.2,0.23669329838921885,
geom,f1,rdkit_hueckel,0.0,0.9882650189387536,
geom,f1,rdkit_hueckel,0.1,0.9851011810887368,
geom,f1,rdkit_hueckel,0.2,0.7220394270012072,
geom,f1,staged,0.0,0.999339126241283,3.320230477589434e-05
geom,f1,staged,0.1,0.9985007897789256,0.00030003563612070026
geom,f1,staged,0.2,0.873776916645268,0.024530693770357766
geom,hh,heavy,0.0,0.9922050905531081,0.0008658854415239747
geom,hh,heavy,0.1,0.9173396965247186,0.004526944289381634
geom,hh,heavy,0.2,0.5070239843367597,0.019994719553942362
geom,hh,joint,0.0,0.9983357807146354,0.00016955955042277326
geom,hh,joint,0.1,0.9962310327949094,0.0005643589112873022
geom,hh,joint,0.2,0.6956069505628977,0.020318523784208793
geom,hh,openbabel,0.0,0.92856093979442,
geom,hh,openbabel,0.1,0.46119676945668137,
geom,hh,openbabel,0.2,0.007195301027900147,
geom,hh,rdkit,0.0,0.9495594713656388,
geom,hh,rdkit,0.1,0.8537812041116006,
geom,hh,rdkit,0.2,0.03755506607929515,
geom,hh,rdkit_hueckel,0.0,0.9492657856093979,
geom,hh,rdkit_hueckel,0.1,0.9446769456681351,
geom,hh,rdkit_hueckel,0.2,0.5363436123348018,
geom,hh,staged,0.0,0.9904674498286833,0.0009318546922905623
geom,hh,staged,0.1,0.9791727851199217,0.001332418755635456
geom,hh,staged,0.2,0.413558492413118,0.04838224004380553
